certification_id,worker_id,certification_type,certification_name,certificate_number_masked,issued_at,expires_at,verification_status,is_active,dataset_version,import_batch_id
CERT00001,W00001,DRONE_LICENSE,초경량비행장치 조종자,DR-****-5001,2024-03-01,2028-02-29,VERIFIED,1,2.0,WF_V2_20260717_01
CERT00002,W00001,CONTROL_SAFETY,산림 방제 안전교육 이수,CS-****-7002,2025-02-15,2027-02-14,VERIFIED,1,2.0,WF_V2_20260717_01
CERT00003,W00002,DRONE_LICENSE,초경량비행장치 조종자,DR-****-5003,2024-03-01,2028-02-29,VERIFIED,1,2.0,WF_V2_20260717_01
CERT00004,W00003,DRONE_LICENSE,초경량비행장치 조종자,DR-****-5004,2024-03-01,2028-02-29,VERIFIED,1,2.0,WF_V2_20260717_01
CERT00005,W00004,DRONE_LICENSE,초경량비행장치 조종자,DR-****-5005,2024-03-01,2028-02-29,VERIFIED,1,2.0,WF_V2_20260717_01
CERT00006,W00004,CONTROL_SAFETY,산림 방제 안전교육 이수,CS-****-7006,2025-02-15,2027-02-14,VERIFIED,1,2.0,WF_V2_20260717_01
CERT00007,W00005,CONTROL_SAFETY,산림 방제 안전교육 이수,CS-****-7007,2025-02-15,2027-02-14,VERIFIED,1,2.0,WF_V2_20260717_01
CERT00008,W00006,DRONE_LICENSE,초경량비행장치 조종자,DR-****-5008,2024-03-01,2028-02-29,VERIFIED,1,2.0,WF_V2_20260717_01
CERT00009,W00006,CONTROL_SAFETY,산림 방제 안전교육 이수,CS-****-7009,2025-02-15,2027-02-14,VERIFIED,1,2.0,WF_V2_20260717_01
CERT00010,W00007,DRONE_LICENSE,초경량비행장치 조종자,DR-****-5010,2024-03-01,2028-02-29,VERIFIED,1,2.0,WF_V2_20260717_01
CERT00011,W00009,DRONE_LICENSE,초경량비행장치 조종자,DR-****-5011,2024-03-01,2028-02-29,VERIFIED,1,2.0,WF_V2_20260717_01
CERT00012,W00009,CONTROL_SAFETY,산림 방제 안전교육 이수,CS-****-7012,2025-02-15,2027-02-14,VERIFIED,1,2.0,WF_V2_20260717_01
CERT00013,W00010,CONTROL_SAFETY,산림 방제 안전교육 이수,CS-****-7013,2025-02-15,2027-02-14,VERIFIED,1,2.0,WF_V2_20260717_01
CERT00014,W00011,CONTROL_SAFETY,산림 방제 안전교육 이수,CS-****-7014,2025-02-15,2027-02-14,VERIFIED,1,2.0,WF_V2_20260717_01
CERT00015,W00018,CONTROL_SAFETY,산림 방제 안전교육 이수,CS-****-7015,2025-02-15,2027-02-14,VERIFIED,1,2.0,WF_V2_20260717_01
CERT00016,W00021,CONTROL_SAFETY,산림 방제 안전교육 이수,CS-****-7016,2025-02-15,2027-02-14,VERIFIED,1,2.0,WF_V2_20260717_01
CERT00017,W00025,CONTROL_SAFETY,산림 방제 안전교육 이수,CS-****-7017,2025-02-15,2027-02-14,VERIFIED,1,2.0,WF_V2_20260717_01
CERT00018,W00027,DRONE_LICENSE,초경량비행장치 조종자,DR-****-5018,2024-03-01,2028-02-29,VERIFIED,1,2.0,WF_V2_20260717_01
CERT00019,W00030,DRONE_LICENSE,초경량비행장치 조종자,DR-****-5019,2024-03-01,2028-02-29,VERIFIED,1,2.0,WF_V2_20260717_01
CERT00020,W00031,DRONE_LICENSE,초경량비행장치 조종자,DR-****-5020,2024-03-01,2028-02-29,VERIFIED,1,2.0,WF_V2_20260717_01
CERT00021,W00036,CONTROL_SAFETY,산림 방제 안전교육 이수,CS-****-7021,2025-02-15,2027-02-14,VERIFIED,1,2.0,WF_V2_20260717_01
CERT00022,W00038,CONTROL_SAFETY,산림 방제 안전교육 이수,CS-****-7022,2025-02-15,2027-02-14,VERIFIED,1,2.0,WF_V2_20260717_01
CERT00023,W00042,DRONE_LICENSE,초경량비행장치 조종자,DR-****-5023,2024-03-01,2028-02-29,VERIFIED,1,2.0,WF_V2_20260717_01
CERT00024,W00042,CONTROL_SAFETY,산림 방제 안전교육 이수,CS-****-7024,2025-02-15,2027-02-14,VERIFIED,1,2.0,WF_V2_20260717_01
CERT00025,W00044,DRONE_LICENSE,초경량비행장치 조종자,DR-****-5025,2024-03-01,2028-02-29,VERIFIED,1,2.0,WF_V2_20260717_01
CERT00026,W00047,DRONE_LICENSE,초경량비행장치 조종자,DR-****-5026,2024-03-01,2028-02-29,VERIFIED,1,2.0,WF_V2_20260717_01
CERT00027,W00050,CONTROL_SAFETY,산림 방제 안전교육 이수,CS-****-7027,2025-02-15,2027-02-14,VERIFIED,1,2.0,WF_V2_20260717_01
CERT00028,W00051,DRONE_LICENSE,초경량비행장치 조종자,DR-****-5028,2024-03-01,2028-02-29,VERIFIED,1,2.0,WF_V2_20260717_01
CERT00029,W00051,CONTROL_SAFETY,산림 방제 안전교육 이수,CS-****-7029,2025-02-15,2027-02-14,VERIFIED,1,2.0,WF_V2_20260717_01
CERT00030,W00053,DRONE_LICENSE,초경량비행장치 조종자,DR-****-5030,2024-03-01,2028-02-29,VERIFIED,1,2.0,WF_V2_20260717_01
CERT00031,W00053,CONTROL_SAFETY,산림 방제 안전교육 이수,CS-****-7031,2025-02-15,2027-02-14,VERIFIED,1,2.0,WF_V2_20260717_01
CERT00032,W00058,DRONE_LICENSE,초경량비행장치 조종자,DR-****-5032,2024-03-01,2028-02-29,VERIFIED,1,2.0,WF_V2_20260717_01
CERT00033,W00058,CONTROL_SAFETY,산림 방제 안전교육 이수,CS-****-7033,2025-02-15,2027-02-14,VERIFIED,1,2.0,WF_V2_20260717_01
CERT00034,W00060,DRONE_LICENSE,초경량비행장치 조종자,DR-****-5034,2024-03-01,2028-02-29,VERIFIED,1,2.0,WF_V2_20260717_01
CERT00035,W00062,DRONE_LICENSE,초경량비행장치 조종자,DR-****-5035,2024-03-01,2028-02-29,VERIFIED,1,2.0,WF_V2_20260717_01
CERT00036,W00065,DRONE_LICENSE,초경량비행장치 조종자,DR-****-5036,2024-03-01,2028-02-29,VERIFIED,1,2.0,WF_V2_20260717_01
CERT00037,W00065,CONTROL_SAFETY,산림 방제 안전교육 이수,CS-****-7037,2025-02-15,2027-02-14,VERIFIED,1,2.0,WF_V2_20260717_01
CERT00038,W00067,CONTROL_SAFETY,산림 방제 안전교육 이수,CS-****-7038,2025-02-15,2027-02-14,VERIFIED,1,2.0,WF_V2_20260717_01
CERT00039,W00069,CONTROL_SAFETY,산림 방제 안전교육 이수,CS-****-7039,2025-02-15,2027-02-14,VERIFIED,1,2.0,WF_V2_20260717_01
CERT00040,W00072,DRONE_LICENSE,초경량비행장치 조종자,DR-****-5040,2024-03-01,2028-02-29,VERIFIED,1,2.0,WF_V2_20260717_01
CERT00041,W00072,CONTROL_SAFETY,산림 방제 안전교육 이수,CS-****-7041,2025-02-15,2027-02-14,VERIFIED,1,2.0,WF_V2_20260717_01
CERT00042,W00073,DRONE_LICENSE,초경량비행장치 조종자,DR-****-5042,2024-03-01,2028-02-29,VERIFIED,1,2.0,WF_V2_20260717_01
CERT00043,W00074,DRONE_LICENSE,초경량비행장치 조종자,DR-****-5043,2024-03-01,2028-02-29,VERIFIED,1,2.0,WF_V2_20260717_01
CERT00044,W00074,CONTROL_SAFETY,산림 방제 안전교육 이수,CS-****-7044,2025-02-15,2027-02-14,VERIFIED,1,2.0,WF_V2_20260717_01
CERT00045,W00075,CONTROL_SAFETY,산림 방제 안전교육 이수,CS-****-7045,2025-02-15,2027-02-14,VERIFIED,1,2.0,WF_V2_20260717_01
CERT00046,W00077,DRONE_LICENSE,초경량비행장치 조종자,DR-****-5046,2024-03-01,2028-02-29,VERIFIED,1,2.0,WF_V2_20260717_01
CERT00047,W00077,CONTROL_SAFETY,산림 방제 안전교육 이수,CS-****-7047,2025-02-15,2027-02-14,VERIFIED,1,2.0,WF_V2_20260717_01
CERT00048,W00078,DRONE_LICENSE,초경량비행장치 조종자,DR-****-5048,2024-03-01,2028-02-29,VERIFIED,1,2.0,WF_V2_20260717_01
CERT00049,W00082,DRONE_LICENSE,초경량비행장치 조종자,DR-****-5049,2024-03-01,2028-02-29,VERIFIED,1,2.0,WF_V2_20260717_01
CERT00050,W00083,CONTROL_SAFETY,산림 방제 안전교육 이수,CS-****-7050,2025-02-15,2027-02-14,VERIFIED,1,2.0,WF_V2_20260717_01
CERT00051,W00086,CONTROL_SAFETY,산림 방제 안전교육 이수,CS-****-7051,2025-02-15,2027-02-14,VERIFIED,1,2.0,WF_V2_20260717_01
CERT00052,W00087,DRONE_LICENSE,초경량비행장치 조종자,DR-****-5052,2024-03-01,2028-02-29,VERIFIED,1,2.0,WF_V2_20260717_01
CERT00053,W00087,CONTROL_SAFETY,산림 방제 안전교육 이수,CS-****-7053,2025-02-15,2027-02-14,VERIFIED,1,2.0,WF_V2_20260717_01
CERT00054,W00088,CONTROL_SAFETY,산림 방제 안전교육 이수,CS-****-7054,2025-02-15,2027-02-14,VERIFIED,1,2.0,WF_V2_20260717_01
CERT00055,W00090,CONTROL_SAFETY,산림 방제 안전교육 이수,CS-****-7055,2025-02-15,2027-02-14,VERIFIED,1,2.0,WF_V2_20260717_01
CERT00056,W00094,DRONE_LICENSE,초경량비행장치 조종자,DR-****-5056,2024-03-01,2028-02-29,VERIFIED,1,2.0,WF_V2_20260717_01
CERT00057,W00094,CONTROL_SAFETY,산림 방제 안전교육 이수,CS-****-7057,2025-02-15,2027-02-14,VERIFIED,1,2.0,WF_V2_20260717_01
CERT00058,W00095,CONTROL_SAFETY,산림 방제 안전교육 이수,CS-****-7058,2025-02-15,2027-02-14,VERIFIED,1,2.0,WF_V2_20260717_01
CERT00059,W00096,CONTROL_SAFETY,산림 방제 안전교육 이수,CS-****-7059,2025-02-15,2027-02-14,VERIFIED,1,2.0,WF_V2_20260717_01
CERT00060,W00098,CONTROL_SAFETY,산림 방제 안전교육 이수,CS-****-7060,2025-02-15,2027-02-14,VERIFIED,1,2.0,WF_V2_20260717_01
CERT00061,W00100,DRONE_LICENSE,초경량비행장치 조종자,DR-****-5061,2024-03-01,2028-02-29,VERIFIED,1,2.0,WF_V2_20260717_01
CERT00062,W00100,CONTROL_SAFETY,산림 방제 안전교육 이수,CS-****-7062,2025-02-15,2027-02-14,VERIFIED,1,2.0,WF_V2_20260717_01
CERT00063,W00101,CONTROL_SAFETY,산림 방제 안전교육 이수,CS-****-7063,2025-02-15,2027-02-14,VERIFIED,1,2.0,WF_V2_20260717_01
CERT00064,W00106,CONTROL_SAFETY,산림 방제 안전교육 이수,CS-****-7064,2025-02-15,2027-02-14,VERIFIED,1,2.0,WF_V2_20260717_01
CERT00065,W00109,DRONE_LICENSE,초경량비행장치 조종자,DR-****-5065,2024-03-01,2028-02-29,VERIFIED,1,2.0,WF_V2_20260717_01
CERT00066,W00111,DRONE_LICENSE,초경량비행장치 조종자,DR-****-5066,2024-03-01,2028-02-29,VERIFIED,1,2.0,WF_V2_20260717_01
CERT00067,W00111,CONTROL_SAFETY,산림 방제 안전교육 이수,CS-****-7067,2025-02-15,2027-02-14,VERIFIED,1,2.0,WF_V2_20260717_01
CERT00068,W00113,DRONE_LICENSE,초경량비행장치 조종자,DR-****-5068,2024-03-01,2028-02-29,VERIFIED,1,2.0,WF_V2_20260717_01
CERT00069,W00114,CONTROL_SAFETY,산림 방제 안전교육 이수,CS-****-7069,2025-02-15,2027-02-14,VERIFIED,1,2.0,WF_V2_20260717_01
CERT00070,W00115,CONTROL_SAFETY,산림 방제 안전교육 이수,CS-****-7070,2025-02-15,2027-02-14,VERIFIED,1,2.0,WF_V2_20260717_01
CERT00071,W00116,DRONE_LICENSE,초경량비행장치 조종자,DR-****-5071,2024-03-01,2028-02-29,VERIFIED,1,2.0,WF_V2_20260717_01
CERT00072,W00116,CONTROL_SAFETY,산림 방제 안전교육 이수,CS-****-7072,2025-02-15,2027-02-14,VERIFIED,1,2.0,WF_V2_20260717_01
CERT00073,W00117,CONTROL_SAFETY,산림 방제 안전교육 이수,CS-****-7073,2025-02-15,2027-02-14,VERIFIED,1,2.0,WF_V2_20260717_01
CERT00074,W00119,DRONE_LICENSE,초경량비행장치 조종자,DR-****-5074,2024-03-01,2028-02-29,VERIFIED,1,2.0,WF_V2_20260717_01
CERT00075,W00119,CONTROL_SAFETY,산림 방제 안전교육 이수,CS-****-7075,2025-02-15,2027-02-14,VERIFIED,1,2.0,WF_V2_20260717_01
CERT00076,W00122,CONTROL_SAFETY,산림 방제 안전교육 이수,CS-****-7076,2025-02-15,2027-02-14,VERIFIED,1,2.0,WF_V2_20260717_01
CERT00077,W00126,CONTROL_SAFETY,산림 방제 안전교육 이수,CS-****-7077,2025-02-15,2027-02-14,VERIFIED,1,2.0,WF_V2_20260717_01
CERT00078,W00128,DRONE_LICENSE,초경량비행장치 조종자,DR-****-5078,2024-03-01,2028-02-29,VERIFIED,1,2.0,WF_V2_20260717_01
CERT00079,W00128,CONTROL_SAFETY,산림 방제 안전교육 이수,CS-****-7079,2025-02-15,2027-02-14,VERIFIED,1,2.0,WF_V2_20260717_01
CERT00080,W00131,CONTROL_SAFETY,산림 방제 안전교육 이수,CS-****-7080,2025-02-15,2027-02-14,VERIFIED,1,2.0,WF_V2_20260717_01
CERT00081,W00133,CONTROL_SAFETY,산림 방제 안전교육 이수,CS-****-7081,2025-02-15,2027-02-14,VERIFIED,1,2.0,WF_V2_20260717_01
CERT00082,W00134,DRONE_LICENSE,초경량비행장치 조종자,DR-****-5082,2024-03-01,2028-02-29,VERIFIED,1,2.0,WF_V2_20260717_01
CERT00083,W00134,CONTROL_SAFETY,산림 방제 안전교육 이수,CS-****-7083,2025-02-15,2027-02-14,VERIFIED,1,2.0,WF_V2_20260717_01
CERT00084,W00135,DRONE_LICENSE,초경량비행장치 조종자,DR-****-5084,2024-03-01,2028-02-29,VERIFIED,1,2.0,WF_V2_20260717_01
CERT00085,W00136,CONTROL_SAFETY,산림 방제 안전교육 이수,CS-****-7085,2025-02-15,2027-02-14,VERIFIED,1,2.0,WF_V2_20260717_01
CERT00086,W00137,DRONE_LICENSE,초경량비행장치 조종자,DR-****-5086,2024-03-01,2028-02-29,VERIFIED,1,2.0,WF_V2_20260717_01
CERT00087,W00138,CONTROL_SAFETY,산림 방제 안전교육 이수,CS-****-7087,2025-02-15,2027-02-14,VERIFIED,1,2.0,WF_V2_20260717_01
CERT00088,W00139,CONTROL_SAFETY,산림 방제 안전교육 이수,CS-****-7088,2025-02-15,2027-02-14,VERIFIED,1,2.0,WF_V2_20260717_01
CERT00089,W00141,DRONE_LICENSE,초경량비행장치 조종자,DR-****-5089,2024-03-01,2028-02-29,VERIFIED,1,2.0,WF_V2_20260717_01
CERT00090,W00143,DRONE_LICENSE,초경량비행장치 조종자,DR-****-5090,2024-03-01,2028-02-29,VERIFIED,1,2.0,WF_V2_20260717_01
CERT00091,W00143,CONTROL_SAFETY,산림 방제 안전교육 이수,CS-****-7091,2025-02-15,2027-02-14,VERIFIED,1,2.0,WF_V2_20260717_01
CERT00092,W00145,DRONE_LICENSE,초경량비행장치 조종자,DR-****-5092,2024-03-01,2028-02-29,VERIFIED,1,2.0,WF_V2_20260717_01
CERT00093,W00145,CONTROL_SAFETY,산림 방제 안전교육 이수,CS-****-7093,2025-02-15,2027-02-14,VERIFIED,1,2.0,WF_V2_20260717_01
CERT00094,W00146,CONTROL_SAFETY,산림 방제 안전교육 이수,CS-****-7094,2025-02-15,2027-02-14,VERIFIED,1,2.0,WF_V2_20260717_01
CERT00095,W00147,DRONE_LICENSE,초경량비행장치 조종자,DR-****-5095,2024-03-01,2028-02-29,VERIFIED,1,2.0,WF_V2_20260717_01
CERT00096,W00147,CONTROL_SAFETY,산림 방제 안전교육 이수,CS-****-7096,2025-02-15,2027-02-14,VERIFIED,1,2.0,WF_V2_20260717_01
CERT00097,W00148,CONTROL_SAFETY,산림 방제 안전교육 이수,CS-****-7097,2025-02-15,2027-02-14,VERIFIED,1,2.0,WF_V2_20260717_01
CERT00098,W00149,DRONE_LICENSE,초경량비행장치 조종자,DR-****-5098,2024-03-01,2028-02-29,VERIFIED,1,2.0,WF_V2_20260717_01
CERT00099,W00149,CONTROL_SAFETY,산림 방제 안전교육 이수,CS-****-7099,2025-02-15,2027-02-14,VERIFIED,1,2.0,WF_V2_20260717_01
CERT00100,W00152,CONTROL_SAFETY,산림 방제 안전교육 이수,CS-****-7100,2025-02-15,2027-02-14,VERIFIED,1,2.0,WF_V2_20260717_01
CERT00101,W00153,DRONE_LICENSE,초경량비행장치 조종자,DR-****-5101,2024-03-01,2028-02-29,VERIFIED,1,2.0,WF_V2_20260717_01
CERT00102,W00153,CONTROL_SAFETY,산림 방제 안전교육 이수,CS-****-7102,2025-02-15,2027-02-14,VERIFIED,1,2.0,WF_V2_20260717_01
CERT00103,W00154,DRONE_LICENSE,초경량비행장치 조종자,DR-****-5103,2024-03-01,2028-02-29,VERIFIED,1,2.0,WF_V2_20260717_01
CERT00104,W00155,DRONE_LICENSE,초경량비행장치 조종자,DR-****-5104,2024-03-01,2028-02-29,VERIFIED,1,2.0,WF_V2_20260717_01
CERT00105,W00158,CONTROL_SAFETY,산림 방제 안전교육 이수,CS-****-7105,2025-02-15,2027-02-14,VERIFIED,1,2.0,WF_V2_20260717_01
CERT00106,W00159,CONTROL_SAFETY,산림 방제 안전교육 이수,CS-****-7106,2025-02-15,2027-02-14,VERIFIED,1,2.0,WF_V2_20260717_01
CERT00107,W00160,DRONE_LICENSE,초경량비행장치 조종자,DR-****-5107,2024-03-01,2028-02-29,VERIFIED,1,2.0,WF_V2_20260717_01
CERT00108,W00160,CONTROL_SAFETY,산림 방제 안전교육 이수,CS-****-7108,2025-02-15,2027-02-14,VERIFIED,1,2.0,WF_V2_20260717_01
CERT00109,W00163,DRONE_LICENSE,초경량비행장치 조종자,DR-****-5109,2024-03-01,2028-02-29,VERIFIED,1,2.0,WF_V2_20260717_01
CERT00110,W00164,DRONE_LICENSE,초경량비행장치 조종자,DR-****-5110,2024-03-01,2028-02-29,VERIFIED,1,2.0,WF_V2_20260717_01
CERT00111,W00165,DRONE_LICENSE,초경량비행장치 조종자,DR-****-5111,2024-03-01,2028-02-29,VERIFIED,1,2.0,WF_V2_20260717_01
CERT00112,W00165,CONTROL_SAFETY,산림 방제 안전교육 이수,CS-****-7112,2025-02-15,2027-02-14,VERIFIED,1,2.0,WF_V2_20260717_01
CERT00113,W00166,DRONE_LICENSE,초경량비행장치 조종자,DR-****-5113,2024-03-01,2028-02-29,VERIFIED,1,2.0,WF_V2_20260717_01
CERT00114,W00166,CONTROL_SAFETY,산림 방제 안전교육 이수,CS-****-7114,2025-02-15,2027-02-14,VERIFIED,1,2.0,WF_V2_20260717_01
CERT00115,W00169,CONTROL_SAFETY,산림 방제 안전교육 이수,CS-****-7115,2025-02-15,2027-02-14,VERIFIED,1,2.0,WF_V2_20260717_01
CERT00116,W00170,DRONE_LICENSE,초경량비행장치 조종자,DR-****-5116,2024-03-01,2028-02-29,VERIFIED,1,2.0,WF_V2_20260717_01
CERT00117,W00170,CONTROL_SAFETY,산림 방제 안전교육 이수,CS-****-7117,2025-02-15,2027-02-14,VERIFIED,1,2.0,WF_V2_20260717_01
CERT00118,W00171,CONTROL_SAFETY,산림 방제 안전교육 이수,CS-****-7118,2025-02-15,2027-02-14,VERIFIED,1,2.0,WF_V2_20260717_01
CERT00119,W00173,DRONE_LICENSE,초경량비행장치 조종자,DR-****-5119,2024-03-01,2028-02-29,VERIFIED,1,2.0,WF_V2_20260717_01
CERT00120,W00175,DRONE_LICENSE,초경량비행장치 조종자,DR-****-5120,2024-03-01,2028-02-29,VERIFIED,1,2.0,WF_V2_20260717_01
CERT00121,W00176,CONTROL_SAFETY,산림 방제 안전교육 이수,CS-****-7121,2025-02-15,2027-02-14,VERIFIED,1,2.0,WF_V2_20260717_01
CERT00122,W00177,DRONE_LICENSE,초경량비행장치 조종자,DR-****-5122,2024-03-01,2028-02-29,VERIFIED,1,2.0,WF_V2_20260717_01
CERT00123,W00179,DRONE_LICENSE,초경량비행장치 조종자,DR-****-5123,2024-03-01,2028-02-29,VERIFIED,1,2.0,WF_V2_20260717_01
CERT00124,W00179,CONTROL_SAFETY,산림 방제 안전교육 이수,CS-****-7124,2025-02-15,2027-02-14,VERIFIED,1,2.0,WF_V2_20260717_01
CERT00125,W00181,DRONE_LICENSE,초경량비행장치 조종자,DR-****-5125,2024-03-01,2028-02-29,VERIFIED,1,2.0,WF_V2_20260717_01
CERT00126,W00181,CONTROL_SAFETY,산림 방제 안전교육 이수,CS-****-7126,2025-02-15,2027-02-14,VERIFIED,1,2.0,WF_V2_20260717_01
CERT00127,W00182,CONTROL_SAFETY,산림 방제 안전교육 이수,CS-****-7127,2025-02-15,2027-02-14,VERIFIED,1,2.0,WF_V2_20260717_01
CERT00128,W00184,DRONE_LICENSE,초경량비행장치 조종자,DR-****-5128,2024-03-01,2028-02-29,VERIFIED,1,2.0,WF_V2_20260717_01
CERT00129,W00184,CONTROL_SAFETY,산림 방제 안전교육 이수,CS-****-7129,2025-02-15,2027-02-14,VERIFIED,1,2.0,WF_V2_20260717_01
CERT00130,W00185,CONTROL_SAFETY,산림 방제 안전교육 이수,CS-****-7130,2025-02-15,2027-02-14,VERIFIED,1,2.0,WF_V2_20260717_01
CERT00131,W00187,DRONE_LICENSE,초경량비행장치 조종자,DR-****-5131,2024-03-01,2028-02-29,VERIFIED,1,2.0,WF_V2_20260717_01
CERT00132,W00187,CONTROL_SAFETY,산림 방제 안전교육 이수,CS-****-7132,2025-02-15,2027-02-14,VERIFIED,1,2.0,WF_V2_20260717_01
CERT00133,W00188,DRONE_LICENSE,초경량비행장치 조종자,DR-****-5133,2024-03-01,2028-02-29,VERIFIED,1,2.0,WF_V2_20260717_01
CERT00134,W00190,CONTROL_SAFETY,산림 방제 안전교육 이수,CS-****-7134,2025-02-15,2027-02-14,VERIFIED,1,2.0,WF_V2_20260717_01
CERT00135,W00191,DRONE_LICENSE,초경량비행장치 조종자,DR-****-5135,2024-03-01,2028-02-29,VERIFIED,1,2.0,WF_V2_20260717_01
CERT00136,W00191,CONTROL_SAFETY,산림 방제 안전교육 이수,CS-****-7136,2025-02-15,2027-02-14,VERIFIED,1,2.0,WF_V2_20260717_01
CERT00137,W00192,DRONE_LICENSE,초경량비행장치 조종자,DR-****-5137,2024-03-01,2028-02-29,VERIFIED,1,2.0,WF_V2_20260717_01
CERT00138,W00192,CONTROL_SAFETY,산림 방제 안전교육 이수,CS-****-7138,2025-02-15,2027-02-14,VERIFIED,1,2.0,WF_V2_20260717_01
CERT00139,W00194,DRONE_LICENSE,초경량비행장치 조종자,DR-****-5139,2024-03-01,2028-02-29,VERIFIED,1,2.0,WF_V2_20260717_01
CERT00140,W00194,CONTROL_SAFETY,산림 방제 안전교육 이수,CS-****-7140,2025-02-15,2027-02-14,VERIFIED,1,2.0,WF_V2_20260717_01
CERT00141,W00195,DRONE_LICENSE,초경량비행장치 조종자,DR-****-5141,2024-03-01,2028-02-29,VERIFIED,1,2.0,WF_V2_20260717_01
CERT00142,W00195,CONTROL_SAFETY,산림 방제 안전교육 이수,CS-****-7142,2025-02-15,2027-02-14,VERIFIED,1,2.0,WF_V2_20260717_01
CERT00143,W00196,CONTROL_SAFETY,산림 방제 안전교육 이수,CS-****-7143,2025-02-15,2027-02-14,VERIFIED,1,2.0,WF_V2_20260717_01
CERT00144,W00196,DRONE_LICENSE,초경량비행장치 조종자,DR-****-5144,2024-03-01,2028-02-29,VERIFIED,1,2.0,WF_V2_20260717_01
CERT00145,W00200,CONTROL_SAFETY,산림 방제 안전교육 이수,CS-****-7145,2025-02-15,2027-02-14,VERIFIED,1,2.0,WF_V2_20260717_01
CERT00146,W00203,CONTROL_SAFETY,산림 방제 안전교육 이수,CS-****-7146,2025-02-15,2027-02-14,VERIFIED,1,2.0,WF_V2_20260717_01
CERT00147,W00204,DRONE_LICENSE,초경량비행장치 조종자,DR-****-5147,2024-03-01,2028-02-29,VERIFIED,1,2.0,WF_V2_20260717_01
CERT00148,W00205,DRONE_LICENSE,초경량비행장치 조종자,DR-****-5148,2024-03-01,2028-02-29,VERIFIED,1,2.0,WF_V2_20260717_01
CERT00149,W00206,CONTROL_SAFETY,산림 방제 안전교육 이수,CS-****-7149,2025-02-15,2027-02-14,VERIFIED,1,2.0,WF_V2_20260717_01
CERT00150,W00210,DRONE_LICENSE,초경량비행장치 조종자,DR-****-5150,2024-03-01,2028-02-29,VERIFIED,1,2.0,WF_V2_20260717_01
CERT00151,W00212,CONTROL_SAFETY,산림 방제 안전교육 이수,CS-****-7151,2025-02-15,2027-02-14,VERIFIED,1,2.0,WF_V2_20260717_01
CERT00152,W00213,DRONE_LICENSE,초경량비행장치 조종자,DR-****-5152,2024-03-01,2028-02-29,VERIFIED,1,2.0,WF_V2_20260717_01
CERT00153,W00215,CONTROL_SAFETY,산림 방제 안전교육 이수,CS-****-7153,2025-02-15,2027-02-14,VERIFIED,1,2.0,WF_V2_20260717_01
CERT00154,W00218,DRONE_LICENSE,초경량비행장치 조종자,DR-****-5154,2024-03-01,2028-02-29,VERIFIED,1,2.0,WF_V2_20260717_01
CERT00155,W00218,CONTROL_SAFETY,산림 방제 안전교육 이수,CS-****-7155,2025-02-15,2027-02-14,VERIFIED,1,2.0,WF_V2_20260717_01
CERT00156,W00220,DRONE_LICENSE,초경량비행장치 조종자,DR-****-5156,2024-03-01,2028-02-29,VERIFIED,1,2.0,WF_V2_20260717_01
CERT00157,W00221,CONTROL_SAFETY,산림 방제 안전교육 이수,CS-****-7157,2025-02-15,2027-02-14,VERIFIED,1,2.0,WF_V2_20260717_01
CERT00158,W00225,CONTROL_SAFETY,산림 방제 안전교육 이수,CS-****-7158,2025-02-15,2027-02-14,VERIFIED,1,2.0,WF_V2_20260717_01
CERT00159,W00227,DRONE_LICENSE,초경량비행장치 조종자,DR-****-5159,2024-03-01,2028-02-29,VERIFIED,1,2.0,WF_V2_20260717_01
CERT00160,W00227,CONTROL_SAFETY,산림 방제 안전교육 이수,CS-****-7160,2025-02-15,2027-02-14,VERIFIED,1,2.0,WF_V2_20260717_01
CERT00161,W00228,DRONE_LICENSE,초경량비행장치 조종자,DR-****-5161,2024-03-01,2028-02-29,VERIFIED,1,2.0,WF_V2_20260717_01
CERT00162,W00229,CONTROL_SAFETY,산림 방제 안전교육 이수,CS-****-7162,2025-02-15,2027-02-14,VERIFIED,1,2.0,WF_V2_20260717_01
CERT00163,W00231,CONTROL_SAFETY,산림 방제 안전교육 이수,CS-****-7163,2025-02-15,2027-02-14,VERIFIED,1,2.0,WF_V2_20260717_01
CERT00164,W00234,DRONE_LICENSE,초경량비행장치 조종자,DR-****-5164,2024-03-01,2028-02-29,VERIFIED,1,2.0,WF_V2_20260717_01
CERT00165,W00236,CONTROL_SAFETY,산림 방제 안전교육 이수,CS-****-7165,2025-02-15,2027-02-14,VERIFIED,1,2.0,WF_V2_20260717_01
CERT00166,W00238,CONTROL_SAFETY,산림 방제 안전교육 이수,CS-****-7166,2025-02-15,2027-02-14,VERIFIED,1,2.0,WF_V2_20260717_01
CERT00167,W00239,CONTROL_SAFETY,산림 방제 안전교육 이수,CS-****-7167,2025-02-15,2027-02-14,VERIFIED,1,2.0,WF_V2_20260717_01
CERT00168,W00243,DRONE_LICENSE,초경량비행장치 조종자,DR-****-5168,2024-03-01,2028-02-29,VERIFIED,1,2.0,WF_V2_20260717_01
CERT00169,W00244,CONTROL_SAFETY,산림 방제 안전교육 이수,CS-****-7169,2025-02-15,2027-02-14,VERIFIED,1,2.0,WF_V2_20260717_01
CERT00170,W00245,CONTROL_SAFETY,산림 방제 안전교육 이수,CS-****-7170,2025-02-15,2027-02-14,VERIFIED,1,2.0,WF_V2_20260717_01
CERT00171,W00246,CONTROL_SAFETY,산림 방제 안전교육 이수,CS-****-7171,2025-02-15,2027-02-14,VERIFIED,1,2.0,WF_V2_20260717_01
CERT00172,W00247,DRONE_LICENSE,초경량비행장치 조종자,DR-****-5172,2024-03-01,2028-02-29,VERIFIED,1,2.0,WF_V2_20260717_01
CERT00173,W00249,DRONE_LICENSE,초경량비행장치 조종자,DR-****-5173,2024-03-01,2028-02-29,VERIFIED,1,2.0,WF_V2_20260717_01
CERT00174,W00249,CONTROL_SAFETY,산림 방제 안전교육 이수,CS-****-7174,2025-02-15,2027-02-14,VERIFIED,1,2.0,WF_V2_20260717_01
CERT00175,W00250,DRONE_LICENSE,초경량비행장치 조종자,DR-****-5175,2024-03-01,2028-02-29,VERIFIED,1,2.0,WF_V2_20260717_01
CERT00176,W00250,CONTROL_SAFETY,산림 방제 안전교육 이수,CS-****-7176,2025-02-15,2027-02-14,VERIFIED,1,2.0,WF_V2_20260717_01
CERT00177,W00252,DRONE_LICENSE,초경량비행장치 조종자,DR-****-5177,2024-03-01,2028-02-29,VERIFIED,1,2.0,WF_V2_20260717_01
CERT00178,W00255,DRONE_LICENSE,초경량비행장치 조종자,DR-****-5178,2024-03-01,2028-02-29,VERIFIED,1,2.0,WF_V2_20260717_01
CERT00179,W00256,DRONE_LICENSE,초경량비행장치 조종자,DR-****-5179,2024-03-01,2028-02-29,VERIFIED,1,2.0,WF_V2_20260717_01
CERT00180,W00256,CONTROL_SAFETY,산림 방제 안전교육 이수,CS-****-7180,2025-02-15,2027-02-14,VERIFIED,1,2.0,WF_V2_20260717_01
CERT00181,W00257,DRONE_LICENSE,초경량비행장치 조종자,DR-****-5181,2024-03-01,2028-02-29,VERIFIED,1,2.0,WF_V2_20260717_01
CERT00182,W00257,CONTROL_SAFETY,산림 방제 안전교육 이수,CS-****-7182,2025-02-15,2027-02-14,VERIFIED,1,2.0,WF_V2_20260717_01
CERT00183,W00258,DRONE_LICENSE,초경량비행장치 조종자,DR-****-5183,2024-03-01,2028-02-29,VERIFIED,1,2.0,WF_V2_20260717_01
CERT00184,W00259,DRONE_LICENSE,초경량비행장치 조종자,DR-****-5184,2024-03-01,2028-02-29,VERIFIED,1,2.0,WF_V2_20260717_01
CERT00185,W00262,DRONE_LICENSE,초경량비행장치 조종자,DR-****-5185,2024-03-01,2028-02-29,VERIFIED,1,2.0,WF_V2_20260717_01
CERT00186,W00262,CONTROL_SAFETY,산림 방제 안전교육 이수,CS-****-7186,2025-02-15,2027-02-14,VERIFIED,1,2.0,WF_V2_20260717_01
CERT00187,W00263,CONTROL_SAFETY,산림 방제 안전교육 이수,CS-****-7187,2025-02-15,2027-02-14,VERIFIED,1,2.0,WF_V2_20260717_01
CERT00188,W00265,CONTROL_SAFETY,산림 방제 안전교육 이수,CS-****-7188,2025-02-15,2027-02-14,VERIFIED,1,2.0,WF_V2_20260717_01
CERT00189,W00266,DRONE_LICENSE,초경량비행장치 조종자,DR-****-5189,2024-03-01,2028-02-29,VERIFIED,1,2.0,WF_V2_20260717_01
CERT00190,W00266,CONTROL_SAFETY,산림 방제 안전교육 이수,CS-****-7190,2025-02-15,2027-02-14,VERIFIED,1,2.0,WF_V2_20260717_01
CERT00191,W00267,CONTROL_SAFETY,산림 방제 안전교육 이수,CS-****-7191,2025-02-15,2027-02-14,VERIFIED,1,2.0,WF_V2_20260717_01
CERT00192,W00271,CONTROL_SAFETY,산림 방제 안전교육 이수,CS-****-7192,2025-02-15,2027-02-14,VERIFIED,1,2.0,WF_V2_20260717_01
CERT00193,W00272,DRONE_LICENSE,초경량비행장치 조종자,DR-****-5193,2024-03-01,2028-02-29,VERIFIED,1,2.0,WF_V2_20260717_01
CERT00194,W00272,CONTROL_SAFETY,산림 방제 안전교육 이수,CS-****-7194,2025-02-15,2027-02-14,VERIFIED,1,2.0,WF_V2_20260717_01
CERT00195,W00274,DRONE_LICENSE,초경량비행장치 조종자,DR-****-5195,2024-03-01,2028-02-29,VERIFIED,1,2.0,WF_V2_20260717_01
CERT00196,W00277,CONTROL_SAFETY,산림 방제 안전교육 이수,CS-****-7196,2025-02-15,2027-02-14,VERIFIED,1,2.0,WF_V2_20260717_01
CERT00197,W00278,DRONE_LICENSE,초경량비행장치 조종자,DR-****-5197,2024-03-01,2028-02-29,VERIFIED,1,2.0,WF_V2_20260717_01
CERT00198,W00278,CONTROL_SAFETY,산림 방제 안전교육 이수,CS-****-7198,2025-02-15,2027-02-14,VERIFIED,1,2.0,WF_V2_20260717_01
CERT00199,W00282,DRONE_LICENSE,초경량비행장치 조종자,DR-****-5199,2024-03-01,2028-02-29,VERIFIED,1,2.0,WF_V2_20260717_01
CERT00200,W00282,CONTROL_SAFETY,산림 방제 안전교육 이수,CS-****-7200,2025-02-15,2027-02-14,VERIFIED,1,2.0,WF_V2_20260717_01
CERT00201,W00284,DRONE_LICENSE,초경량비행장치 조종자,DR-****-5201,2024-03-01,2028-02-29,VERIFIED,1,2.0,WF_V2_20260717_01
CERT00202,W00285,DRONE_LICENSE,초경량비행장치 조종자,DR-****-5202,2024-03-01,2028-02-29,VERIFIED,1,2.0,WF_V2_20260717_01
CERT00203,W00287,DRONE_LICENSE,초경량비행장치 조종자,DR-****-5203,2024-03-01,2028-02-29,VERIFIED,1,2.0,WF_V2_20260717_01
CERT00204,W00290,DRONE_LICENSE,초경량비행장치 조종자,DR-****-5204,2024-03-01,2028-02-29,VERIFIED,1,2.0,WF_V2_20260717_01
CERT00205,W00290,CONTROL_SAFETY,산림 방제 안전교육 이수,CS-****-7205,2025-02-15,2027-02-14,VERIFIED,1,2.0,WF_V2_20260717_01
CERT00206,W00293,CONTROL_SAFETY,산림 방제 안전교육 이수,CS-****-7206,2025-02-15,2027-02-14,VERIFIED,1,2.0,WF_V2_20260717_01
CERT00207,W00294,DRONE_LICENSE,초경량비행장치 조종자,DR-****-5207,2024-03-01,2028-02-29,VERIFIED,1,2.0,WF_V2_20260717_01
CERT00208,W00294,CONTROL_SAFETY,산림 방제 안전교육 이수,CS-****-7208,2025-02-15,2027-02-14,VERIFIED,1,2.0,WF_V2_20260717_01
CERT00209,W00295,DRONE_LICENSE,초경량비행장치 조종자,DR-****-5209,2024-03-01,2028-02-29,VERIFIED,1,2.0,WF_V2_20260717_01
CERT00210,W00295,CONTROL_SAFETY,산림 방제 안전교육 이수,CS-****-7210,2025-02-15,2027-02-14,VERIFIED,1,2.0,WF_V2_20260717_01
CERT00211,W00299,DRONE_LICENSE,초경량비행장치 조종자,DR-****-5211,2024-03-01,2028-02-29,VERIFIED,1,2.0,WF_V2_20260717_01
CERT00212,W00300,CONTROL_SAFETY,산림 방제 안전교육 이수,CS-****-7212,2025-02-15,2027-02-14,VERIFIED,1,2.0,WF_V2_20260717_01
